{"cameraMode":{"drawMode":0,"name":"Shaded","section":"Shading Mode"},"sceneLighting":true,"audioPlay":false,"sceneViewState":{"showFog":true,"showMaterialUpdate":false,"showSkybox":true,"showFlares":true,"showImageEffects":true,"showParticleSystems":true},"in2DMode":false,"pivot":{"x":-2.111445903778076,"y":1.1020498275756837,"z":-0.31158018112182619},"rotation":{"x":-0.16589531302452088,"y":0.42277079820632937,"z":-0.07903394103050232,"w":-0.8874112963676453},"size":4.160148620605469,"orthographic":false}